,history_date,production_isk,destruction_isk,mining_isk
0,2019-01-01,5087791226055.971,1286211647406.05,1831586444220.834
1,2019-01-02,5371248525565.827,1193095455106.14,1812047959736.3933
2,2019-01-03,5016524195983.46,1138683309504.35,1994656413842.2144
3,2019-01-04,5261973623802.353,1326690437943.73,1919876399066.3843
4,2019-01-05,6386349959494.487,1880315842897.24,1835361961923.9314
5,2019-01-06,4935637351097.462,1485338460810.96,1869786789855.0627
6,2019-01-07,5411200433101.448,1249859623236.58,1800732333811.3901
7,2019-01-08,5013481508071.064,1034727091939.02,1880690590205.9634
8,2019-01-09,4790397040131.367,998775923719.2,1817394975300.6511
9,2019-01-10,5527709629172.703,1180250493055.9,1836186071369.5188
10,2019-01-11,5472070814145.465,1011792696747.99,1861351405644.6511
11,2019-01-12,5024828298736.625,1985844939572.98,2019346196338.5737
12,2019-01-13,5202831303995.837,1871783935528.97,1591990497830.4473
13,2019-01-14,5466932527418.784,1078138817300.9,1793237786466.6104
14,2019-01-15,4963709037671.387,1000039324733.22,1715571494733.406
15,2019-01-16,4993979081883.299,1772506361575.98,1782364522803.5564
16,2019-01-17,5172285170179.135,1105042374662.93,1814676433340.8406
17,2019-01-18,5231629352304.815,1172108430046.72,1883300945852.2903
18,2019-01-19,4932811145125.119,1627619483818.12,2202408096176.0493
19,2019-01-20,5339575742520.71,1713175335605.8,2154601288776.203
20,2019-01-21,5195060711058.038,1197968806799.13,2138433986512.7625
21,2019-01-22,4713143499215.997,982486967543.5,1947046936459.055
22,2019-01-23,4773251232987.027,1114796158888.06,1860091898351.5066
23,2019-01-24,5531142361140.378,1096896665900.26,1954350327221.9905
24,2019-01-25,5047849222597.594,979118698930.57,1996883838146.8423
25,2019-01-26,5224164968145.064,1934939165424.06,2236366382102.0156
26,2019-01-27,6139130713751.198,1419752305897.61,2124282843171.6665
27,2019-01-28,5010044322482.037,1004576133117.55,1891389459331.7488
28,2019-01-29,5621797553460.257,1369660226342.56,1899372100944.4434
29,2019-01-30,5109967711067.915,982781081256.01,1996611104951.6873
30,2019-01-31,5081656823280.1455,1069113316763.51,2091143206256.9375
31,2019-02-01,5137470825704.676,995415351053.54,2088730354603.8113
32,2019-02-02,5701404367521.754,1891683063238.49,2141993462758.8262
33,2019-02-03,5356526934959.984,1579143929544.61,2287834664461.6265
34,2019-02-04,5824652185010.693,898101375994.67,1884626373046.4688
35,2019-02-05,4597657151466.841,1089858209459.44,1689507371761.9656
36,2019-02-06,5171580155859.947,1090552099399.6,2021834286121.1128
37,2019-02-07,5026658791409.464,947910979611.59,1952676915151.7056
38,2019-02-08,5564884053002.48,956044975046.16,1986179113107.7778
39,2019-02-09,5674344704464.113,1663168772375.24,2285265729996.3745
40,2019-02-10,5430582409215.039,1250319325908.04,2576724078194.8696
41,2019-02-11,5166951731191.167,933457445847.25,1978077198418.2336
42,2019-02-12,5438029688624.561,1118918117035.9,2042741635106.3914
43,2019-02-13,5235095761716.705,,
44,2019-02-14,5117116496519.713,901033661307.17,1924568501661.5386
45,2019-02-15,4842352495015.734,961719771159.57,2058352812967.5957
46,2019-02-16,5279150426028.826,1756453471590.47,2295518067657.181
47,2019-02-17,5382081452978.224,1698124388064.17,2279562870258.842
48,2019-02-18,5460200476840.182,957741104787.73,2083754624497.9934
49,2019-02-19,5128654002393.086,1042477355025.67,2030446241740.6235
50,2019-02-20,5532782902277.13,1031503557545.99,2237658588122.7993
51,2019-02-21,4947000268043.456,992188360458.34,1770771180616.4521
52,2019-02-22,4930506387552.559,1056483238284.1,1718444819037.101
53,2019-02-23,4730405743110.747,1608461118324.86,1892185896612.9722
54,2019-02-24,4742966624868.342,1693374993102.96,1982568750263.0706
55,2019-02-25,4844040257678.489,959431401637.49,2554593139168.5786
56,2019-02-26,4889749219462.61,1049904753080.04,2519760973980.826
57,2019-02-27,5068478992703.15,1239496329230.96,1930212781824.3748
58,2019-02-28,5123519523256.354,1110000427486.31,1896541705899.3428
59,2019-03-01,4690353771202.993,1207887644626.07,1713147482395.829
60,2019-03-02,5737592458209.555,2005909504538.3,1949470204728.774
61,2019-03-03,5753310682275.993,1830906086400.22,1896470143057.6438
62,2019-03-04,5122118015969.4375,966249716013.35,1714768088786.4956
63,2019-03-05,5969893194845.121,1055518974605.96,1715323444880.588
64,2019-03-06,4534072096763.7,1187439821553.69,1786136366496.7087
65,2019-03-07,5377702347708.361,1007153236297.79,1809957859779.2812
66,2019-03-08,5070327329203.069,1023576151939.31,1802981424270.161
67,2019-03-09,5652094330649.095,1464990461906.16,2182449764333.7954
68,2019-03-10,5828450246781.719,1457266452164.09,2213993043582.9204
69,2019-03-11,5318358479634.245,844640307827.74,1965013147766.7837
70,2019-03-12,4908131517968.696,1043837457533.34,2200184485443.1333
71,2019-03-13,4690006487639.392,1014028300683.38,1673905221213.8884
72,2019-03-14,5209862464378.131,1130308153119.06,1655646231798.3394
73,2019-03-15,5082638099084.577,1066309150221.08,1677175876611.2576
74,2019-03-16,4902440653487.429,1810672474754.23,3052178234074.8813
75,2019-03-17,5434377942412.219,1416079493882.8,2233472065715.86
76,2019-03-18,5481296460378.594,1241810221000.68,2453238481647.6357
77,2019-03-19,4847779050293.864,958219403023.23,1746924511045.566
78,2019-03-20,4874614445309.962,999998282834.96,
79,2019-03-21,4336255583807.5776,1116238353109.79,1933789848980.7317
80,2019-03-22,4861233328043.033,1077512108824.48,3142065788761.897
81,2019-03-23,5440353156820.634,1794625224309.83,2964683724805.9087
82,2019-03-24,4946978122432.574,2062846531840.27,2692358869288.6353
83,2019-03-25,4927844723172.52,1080355856310.71,
84,2019-03-26,4772429251568.59,1068311864265.96,1696240227528.5222
85,2019-03-27,4440309975766.102,893788588303.8,1662393990851.7563
86,2019-03-28,4488196810935.0205,1065010527332.82,1749167177653.8594
87,2019-03-29,5039475334643.305,1010556918224.37,1622733863409.8037
88,2019-03-30,4773368339429.42,2094096936583.51,1828852883073.2686
89,2019-03-31,5785714788697.289,1480657801330.24,2204023817684.5176
90,2019-04-01,4964057008607.7,1071073251070.0,1642430644244.551
91,2019-04-02,4942587945816.595,1128798869691.0,1632507583871.6775
92,2019-04-03,4224029020478.138,1048666115697.66,1861197383630.0012
93,2019-04-04,4521502225495.83,942139031023.51,1680619407286.8782
94,2019-04-05,4750174366824.85,1891731720169.97,1749541065031.6724
95,2019-04-06,4929536911751.073,1926433903461.15,1752703510885.7717
96,2019-04-07,6035856659801.776,1597767251407.65,1992812284835.6711
97,2019-04-08,5194854796021.425,973902779746.39,1617625750689.436
98,2019-04-09,4695288733444.767,1138772382471.96,1601975552105.9343
99,2019-04-10,4736712145870.958,1020108576906.84,1369121221104.5884
100,2019-04-11,5293290237796.342,975859509874.01,1386367343436.7358
101,2019-04-12,4506991301689.812,1292971318665.31,1349939911502.699
102,2019-04-13,4926083309491.201,1835863019173.6,1544380098149.357
103,2019-04-14,4831995576720.793,1802950613560.45,1503112135738.7793
104,2019-04-15,4987296274638.996,848649403006.97,1443096816030.7756
105,2019-04-16,4721411466212.821,955870604299.46,1303967730851.7312
106,2019-04-17,4700258105682.865,1055740373582.22,1387133372625.9163
107,2019-04-18,4708684941281.585,1003591886799.23,1421966949491.1355
108,2019-04-19,4649231862365.588,1159020021403.93,1489544244558.7607
109,2019-04-20,4685764883799.413,1691402061284.29,1700252071266.2983
110,2019-04-21,4777406420756.841,1246327780972.11,1648078406533.824
111,2019-04-22,4423458525433.524,1152429199986.13,1488984513374.7651
112,2019-04-23,4235151268116.363,915577961245.2,1448768994942.0266
113,2019-04-24,4541511355366.056,1268679963817.4,1483616775768.244
114,2019-04-25,4458843395033.173,835554904011.27,1421836493817.2036
115,2019-04-26,4255111678218.2993,1017411707591.67,1437103291189.658
116,2019-04-27,4957327333990.554,1455647200475.61,1605911928180.8145
117,2019-04-28,4872757827940.919,1428270405789.08,1529959476694.482
118,2019-04-29,4012806347186.2686,904452523374.37,1471472334031.215
119,2019-04-30,4435295532986.897,976732232761.66,1407042011713.0747
120,2019-05-01,4961272666975.071,1051016319417.56,1516235497533.2263
121,2019-05-02,4488658094547.935,1091166589511.83,1535638236018.8687
122,2019-05-03,3963783351808.4014,1231261296215.37,1348649656518.3267
123,2019-05-04,4718095990419.606,1695223754240.45,1570138564642.8596
124,2019-05-05,4755638241523.369,1419662607073.56,1678439842684.6497
125,2019-05-06,4936822641862.774,1047438531034.44,1420794379311.6846
126,2019-05-07,4148922359124.5,1147709783103.32,1345574433234.6729
127,2019-05-08,4499381765794.327,990714844774.06,1464561523146.6501
128,2019-05-09,4218129568257.5254,952474529814.44,1402784339049.7158
129,2019-05-10,3700397929227.48,1293335812154.39,1432548481680.8564
130,2019-05-11,4398247445983.13,1875802023674.86,1510343723861.9429
131,2019-05-12,5119597709954.464,1342782413626.09,1443712109764.655
132,2019-05-13,4301627379790.196,942760402147.23,1390332528481.5403
133,2019-05-14,4325741238967.7524,952460118077.64,1300675104410.0342
134,2019-05-15,4158047900553.432,975959375746.99,1407529011383.4722
135,2019-05-16,4318306794843.7407,971719071333.19,1463241305742.8647
136,2019-05-17,4591650440844.646,1124979272421.07,1574019214479.5007
137,2019-05-18,4876917597919.836,1716885252466.59,1615447394807.0981
138,2019-05-19,5102055026293.713,1774455336461.85,1238819367768.7947
139,2019-05-20,4685507476270.8955,897264931219.42,1202360165312.9238
140,2019-05-21,4595587032059.762,1036247506400.44,1099492054061.8334
141,2019-05-22,3798044012951.6494,950170268247.74,1264875525859.1497
142,2019-05-23,4060094312556.7896,892852908090.15,1180848695328.711
143,2019-05-24,3627106548926.0938,1087698841372.61,1303576303113.8018
144,2019-05-25,4364722287964.7,1658014834704.04,1369775397008.3164
145,2019-05-26,4467895579105.497,1805139339886.42,1269516984443.5781
146,2019-05-27,4335443050080.598,1181791621938.34,1229758887202.183
147,2019-05-28,4191556115491.387,1074413516835.79,1046222830529.712
148,2019-05-29,4137128643409.023,1170382902002.17,1279957100992.7363
149,2019-05-30,4078110484377.6714,1092744557969.86,1282951764498.6982
150,2019-05-31,5255951309170.352,1709811633928.07,1069901809729.4137
151,2019-06-01,4473147118410.267,1960217753786.76,1282121657546.4624
152,2019-06-02,4675554655594.716,1632666758260.16,1333451485787.1982
153,2019-06-03,4734905743507.244,1022606988034.64,1128269079212.0657
154,2019-06-04,4472789602486.106,1188415328441.2,1267091133376.1133
155,2019-06-05,3994798458014.6504,1159849182592.77,1147847131409.51
156,2019-06-06,4561369775712.473,882186259542.14,1042873016946.1274
157,2019-06-07,4417127076365.612,1094250080775.94,1252024230601.3118
158,2019-06-08,4308629237197.9585,1481426900652.26,1223889780673.4573
159,2019-06-09,4361516019839.1475,1653884440441.4,1143461936884.6248
160,2019-06-10,4396711481505.976,960970836591.67,1231579002742.5317
161,2019-06-11,4091286622398.159,1531950569381.1,1048342202230.4
162,2019-06-12,4209927421379.7314,1358635988419.05,1014760172511.7437
163,2019-06-13,3894103642968.3794,866954006395.72,1101613454573.9058
164,2019-06-14,4254038068633.994,1101122790834.21,1128152636585.9568
165,2019-06-15,4152280835882.1665,1435364741552.76,1173256471342.7766
166,2019-06-16,4497493769453.493,1540386512785.91,1151994127798.412
167,2019-06-17,4180513229536.329,982275005751.25,1093157058322.492
168,2019-06-18,4161274873357.0425,1113007281525.48,1064461273205.7183
169,2019-06-19,3776361946696.758,1091391894108.15,984725145071.9584
170,2019-06-20,4119128850973.5005,991813759825.75,1071991627481.3699
171,2019-06-21,3867731520002.062,1107288206882.04,989943434588.6694
172,2019-06-22,3725744482887.0957,1744334301888.03,1049887303277.8795
173,2019-06-23,3750291019165.595,1497864808578.46,1166689986934.4585
174,2019-06-24,3720866465007.701,895201638839.2,1015412759702.6301
175,2019-06-25,3663156810171.1187,1063302883522.31,1114608334321.2788
176,2019-06-26,4271167561350.1,1063833732560.08,1194355472161.1013
177,2019-06-27,3573753093319.659,915637443510.54,1204810267959.1057
178,2019-06-28,4322511817603.382,1089132821806.97,1188815220767.181
179,2019-06-29,4594514314841.267,1766505549563.26,1502431757405.7017
180,2019-06-30,4353982413936.234,1434108399758.43,2800827845960.4614
181,2019-07-01,4172059613565.0537,983853748673.99,2227313785616.5093
182,2019-07-02,3657328577926.8833,953438007251.14,2650621252788.4976
183,2019-07-03,3542715722748.1064,1090844074113.85,2055040038368.55
184,2019-07-04,3757585798018.0137,1331299491830.31,1913204793255.1897
185,2019-07-05,3494949926548.843,1238067963352.28,2421942451168.639
186,2019-07-06,4578033062587.169,1783058253259.55,2846329647148.9053
187,2019-07-07,3719535771412.428,1493187977151.83,3082106154138.0283
188,2019-07-08,4211448190226.4873,1086736365687.1,1866908771749.7612
189,2019-07-09,3573776004332.1343,1161702252108.2,1976484910645.5542
190,2019-07-10,3383634219191.492,855613094966.92,2443660178460.615
191,2019-07-11,3547874411806.1025,920279282509.89,2150963304817.166
192,2019-07-12,3904306490338.101,1259069686138.77,1061089571295.2335
193,2019-07-13,4024195723026.0674,1884358580248.23,1454391902222.9133
194,2019-07-14,4248346439219.507,1729906425226.51,3195784871417.26
195,2019-07-15,3316905145261.7773,1075802295145.35,1426838604873.8604
196,2019-07-16,3483216450825.241,1101887985956.87,1382437265971.6948
197,2019-07-17,3343492834189.3994,1076750347770.91,1726050903608.1284
198,2019-07-18,3136176442980.333,1002764463687.03,2675150836754.881
199,2019-07-19,3512987361577.341,1059581551917.25,1723089632885.7063
200,2019-07-20,3512046678251.1675,1732965670918.63,1856416197275.6516
201,2019-07-21,3883432276137.9526,1560033765340.28,1474792339783.6042
202,2019-07-22,3423281288235.9946,1277611540484.97,1496586700038.0735
203,2019-07-23,3505625703334.418,1606226720356.08,1596854374049.3774
204,2019-07-24,3192363665331.7554,1127207029087.33,1234287642632.5251
205,2019-07-25,2993475712186.032,1067771543148.1,1090215441163.239
206,2019-07-26,3300103220086.889,1384657691490.85,1345767889769.2742
207,2019-07-27,3713817456695.8325,1634459803079.79,1513286643141.5151
208,2019-07-28,4293684276611.4087,1893555942018.37,1908695745674.4075
209,2019-07-29,3807500990322.2437,1221229495578.17,1060900084993.8967
210,2019-07-30,3792004128518.539,1172650986779.89,1064809104321.3707
211,2019-07-31,3304288399407.8423,1466035815813.82,922495538497.5624
212,2019-08-01,3726579880584.733,979570082620.6,886957232193.2751
213,2019-08-02,3845239417520.4604,1001923818679.69,813388063134.605
214,2019-08-03,3596418682835.6885,1630512178135.43,1045083410166.4668
215,2019-08-04,3781523065175.395,1914449086430.09,979829367441.0134
216,2019-08-05,3765925802709.871,1097594344899.66,944153324568.597
217,2019-08-06,3600571444214.9927,1017771021959.15,939151157139.0585
218,2019-08-07,3425150624688.471,1186021622612.42,963467604824.6595
219,2019-08-08,3681478132475.6143,1079721005853.9,994126518403.4038
220,2019-08-09,4421567894948.549,1142531867348.41,954828244783.0787
221,2019-08-10,3553452952032.269,2135437115584.38,1016291708531.3448
222,2019-08-11,3774219128385.132,1693178014752.32,1270003648959.1265
223,2019-08-12,3135586711296.651,899927738418.63,916907364801.5157
224,2019-08-13,3466172159072.7646,1056671952677.61,1030203131313.273
225,2019-08-14,3343489648769.948,1114344412416.45,959239230427.7571
226,2019-08-15,3551684030440.294,1111378442652.56,930085326898.4509
227,2019-08-16,3299800429335.0527,878636721656.06,921046307659.9292
228,2019-08-17,3895292780902.9346,1724256099252.81,
229,2019-08-18,3411421814641.3164,1633853488569.58,1073266233741.7269
230,2019-08-19,3558809417684.7056,1025001974305.82,915098161880.7323
231,2019-08-20,3299322761713.212,2233543769530.59,
232,2019-08-21,3357078487570.037,1307172030837.44,
233,2019-08-22,3563255658022.5405,1057264765733.71,911850043321.4298
234,2019-08-23,3092150172246.9463,1126795126595.06,929173841203.1642
235,2019-08-24,3404799146167.029,1583797944969.45,1001635513867.2589
236,2019-08-25,3735033090814.678,1705159077025.54,1178630106426.3184
237,2019-08-26,3397477069811.499,908799962445.89,917151680656.7052
238,2019-08-27,3505197424895.9346,910728505928.38,
239,2019-08-28,3661733712212.2773,961410235722.54,904910333656.7405
240,2019-08-29,2744858563201.39,832584189887.37,838638465144.7955
241,2019-08-30,3138347988089.3257,902918175329.16,809322343326.9072
242,2019-08-31,2970004659797.042,1477386592604.59,960692663690.7363
243,2019-09-01,3536809477504.814,1230870357591.77,1061600955179.7114
244,2019-09-02,2962511093265.0913,1536197568902.86,
245,2019-09-03,3496989292587.6157,1017712495524.77,
246,2019-09-04,2943274953534.239,784878503986.7,878311475483.7057
247,2019-09-05,2866722175172.8022,804734154395.05,966670638195.9803
248,2019-09-06,2816316034567.3853,808601804595.28,881995945733.4163
249,2019-09-07,2775425731521.6665,1639694372736.1,974201930763.0092
250,2019-09-08,3162026087804.2744,1421350544869.3,898450830673.2059
251,2019-09-09,2937406132977.882,823035172969.81,831804324020.1786
252,2019-09-10,3018309178986.965,937625730626.26,
253,2019-09-11,2744038203137.733,833775381614.17,727859538079.8844
254,2019-09-12,3009048542379.443,1001466307130.49,741747201343.4424
255,2019-09-13,2897311701212.88,954898622658.04,696541172856.762
256,2019-09-14,3250278341027.3765,1818927386162.86,752226841596.8494
257,2019-09-15,3151851476279.574,1398139467242.08,797502701954.6183
258,2019-09-16,3380394818623.6807,911515409842.3,818029686823.6917
259,2019-09-17,3046999310621.3105,714567951256.19,583671552141.5134
260,2019-09-18,2879688624189.319,779125649538.39,636235470739.7883
261,2019-09-19,3215159175824.392,797864777289.17,914484986477.5787
262,2019-09-20,2771489792592.516,994123188053.62,852439399826.6741
263,2019-09-21,3218102681583.7046,1730191798986.81,1025912547508.0243
264,2019-09-22,3118254935143.6953,1237122950019.02,1173594647590.2974
265,2019-09-23,2820416601455.07,745338311625.82,957351933737.8003
266,2019-09-24,2820438137620.6323,789951086902.14,975237907196.0175
267,2019-09-25,2707716468225.066,747579473187.84,959750417860.0251
268,2019-09-26,2850911941327.896,819721076782.96,1001819657996.6433
269,2019-09-27,2976307026942.1753,1054430515026.93,938646683682.7705
270,2019-09-28,2940954599479.2915,1282731835492.13,1092263120076.7985
271,2019-09-29,3139488657332.4614,1219188174313.77,1006982008580.2711
272,2019-09-30,2781286207098.833,837123403889.71,1056373517375.3744
273,2019-10-01,2748553708768.926,842802819726.58,937084099012.6598
274,2019-10-02,2913071129137.415,1228751904247.29,940422860525.7979
275,2019-10-03,2540157378460.33,785231359514.97,999162329447.406
276,2019-10-04,2969649921008.0815,896811326062.16,1017405513792.1033
277,2019-10-05,3095704213650.709,1398229973882.17,1056885513126.2937
278,2019-10-06,3148893688956.407,1159295149124.19,1294091318139.7961
279,2019-10-07,3406386767913.4126,775156065461.7,1000888086025.3081
280,2019-10-08,3214765345133.24,777317263564.56,903913356229.4427
281,2019-10-09,2891654136063.624,831096114084.98,893918610700.7136
282,2019-10-10,2887679904013.59,721501570594.19,936816427394.3729
283,2019-10-11,2762421779358.041,893242137243.33,907252462170.5588
284,2019-10-12,3507864708880.567,1226309153312.53,1021893724713.6652
285,2019-10-13,2978954792595.418,1066662689664.91,998833182223.9227
286,2019-10-14,3097742859846.6987,745222611567.97,955638415870.3368
287,2019-10-15,3132563707265.1714,793198993264.27,952193570216.2079
288,2019-10-16,3295791768952.7236,815810893600.12,951389739641.9338
289,2019-10-17,3348657644098.2104,899664182989.12,919739902081.2771
290,2019-10-18,3100544074552.186,822631211648.78,1017027869819.3842
291,2019-10-19,3620419326365.307,1266292719376.17,1076168662784.79
292,2019-10-20,3891914901489.743,1269976982327.98,1264775910866.2954
293,2019-10-21,3361825161246.918,765668544244.37,1054244313095.4401
294,2019-10-22,3099000073535.291,843459465654.61,1076321550487.7616
295,2019-10-23,3402005145255.7065,950443658284.89,989893273434.7682
296,2019-10-24,2645880928464.474,832399493273.93,966410990442.1284
297,2019-10-25,2944020144031.6426,1000060442515.4,1000790861972.3374
298,2019-10-26,3443006230164.1934,1389282451349.34,1086896177895.5573
299,2019-10-27,3471660767051.397,1231005494638.22,1046293754542.5422
300,2019-10-28,3354174953995.002,665095003542.55,911652081568.9606
301,2019-10-29,3828644116890.562,990745993666.18,941173839035.4719
302,2019-10-30,2860514057197.084,1358053002998.32,908445542461.0183
303,2019-10-31,2534747046814.3228,1225773956870.32,908993874053.5948
304,2019-11-01,3476423563085.8184,1560091026357.83,985365451039.4265
305,2019-11-02,3208165548097.453,1755783302217.02,1276738810773.895
306,2019-11-03,3420967660535.072,1638532536047.12,1326076996827.8018
307,2019-11-04,3044317728403.8037,1186762474461.54,993792232660.6395
308,2019-11-05,2918684948953.871,1118616955891.83,972537266459.2054
309,2019-11-06,2707334362171.6694,1205430742238.95,1055433365744.6929
310,2019-11-07,2984143141415.7085,843135473164.59,1047695824885.1206
311,2019-11-08,3517647695212.7573,925174337255.14,1115724246456.8184
312,2019-11-09,4071796774072.926,1665781405536.09,1276738040556.6182
313,2019-11-10,3552993979691.8193,1473786018898.63,1249232930398.1885
314,2019-11-11,3354436055216.6963,932419795415.74,1110146948303.42
315,2019-11-12,2923719662562.747,813978155820.8,1049002855488.1278
316,2019-11-13,3301145915887.119,690757896429.24,1091869211008.5756
317,2019-11-14,3449987630131.281,869116952106.18,1106827426966.207
318,2019-11-15,3113289261760.793,954618105868.92,1045686014177.4764
319,2019-11-16,3667338598665.581,1544174915162.59,1208785971982.5742
320,2019-11-17,3864785520934.8174,1389678672399.79,1403542987303.0835
321,2019-11-18,3772771169022.065,890238147462.49,1131528555641.3687
322,2019-11-19,3061235700512.79,958914575801.8,982694616247.9346
323,2019-11-20,3165854722493.218,879819333025.84,977091746523.3386
324,2019-11-21,3663812435223.462,1066277258195.71,980109972720.8035
325,2019-11-22,4213866247183.163,972394633261.87,1013014022883.5315
326,2019-11-23,3507370298584.182,1549478179974.74,1175357958426.9749
327,2019-11-24,3317923252056.988,1401109761292.18,1210428092703.6235
328,2019-11-25,3362781785698.886,991437396727.33,972236693609.3844
329,2019-11-26,3396488065305.977,1017738138368.14,972748373794.4017
330,2019-11-27,3781177318048.1846,864835486387.89,980366809940.4617
331,2019-11-28,3189065273225.9087,970640092837.61,1050805692644.2258
332,2019-11-29,3690949572111.1777,851731642618.13,1101115179636.2332
333,2019-11-30,4189680606771.3076,1466322014414.04,1191819279684.9482
334,2019-12-01,3699625130881.412,1878486383757.96,1241277624671.24
335,2019-12-02,3506158645218.7837,866335418172.74,953303184042.0342
336,2019-12-03,3835341831778.246,863057660088.31,1070886390084.9153
337,2019-12-04,3771086287437.1455,899408789179.42,1016662646761.5942
338,2019-12-05,3225157998361.38,1055187774153.97,1002875379620.6282
339,2019-12-06,3339493421680.9263,1036729488462.31,1091316355919.4292
340,2019-12-07,4360758018509.187,1477640922717.48,1300102024011.9768
341,2019-12-08,3593837131789.6665,1464175744754.51,1108762950043.858
342,2019-12-09,3616891450766.7305,808543475462.64,1049885188079.9253
343,2019-12-10,3820009025898.098,925835380304.78,965017215029.7676
344,2019-12-11,3459302548749.6216,893214427354.25,985376662297.4567
345,2019-12-12,3864576771367.781,975875394363.9,831410492112.264
346,2019-12-13,3266163735991.587,970797087210.03,961582602047.0516
347,2019-12-14,3612991502411.2017,1500025599360.91,1097052311406.9028
348,2019-12-15,3795625664369.615,1531580312097.52,1156724674360.7075
349,2019-12-16,3780037666917.415,994252835148.77,947906695537.3773
350,2019-12-17,3607088746050.0654,1105061566930.46,862805993083.9363
351,2019-12-18,3622945522871.1294,1103172260587.88,
352,2019-12-19,3326887990267.096,941613421124.67,
353,2019-12-20,3441923027454.191,1109952371753.02,895489614708.6373
354,2019-12-21,4069049569004.14,1432833115691.66,1029144242026.1519
355,2019-12-22,3790034764947.996,1360558901329.41,994947391630.8998
356,2019-12-23,4051158209693.7124,902790930953.44,949285553732.1189
357,2019-12-24,3977982276310.2954,872425641350.42,885937303377.6383
358,2019-12-25,3458377152348.7144,827062884719.17,1045308184870.4868
359,2019-12-26,3299968471301.7607,1210227201793.07,925697067944.2212
360,2019-12-27,3950325175941.459,1093259883603.74,1003743782022.9312
361,2019-12-28,4290308290062.66,1658781399669.1,1055427713960.5216
362,2019-12-29,4157162504384.0547,1519062514693.3,1141819529040.996
363,2019-12-30,4166418536538.841,1257655905495.02,1034704972632.8538
364,2019-12-31,3419302508612.1226,1291735266000.78,827153438772.1458
365,2020-01-01,3118104942774.021,1255620286098.93,998839179998.0841
366,2020-01-02,3443120295821.186,1156276992538.53,1025125686566.9725
367,2020-01-03,3711178428116.6543,1495860163769.69,1143549109235.9026
368,2020-01-04,4072769597047.916,1614328847934.42,1241096775497.276
369,2020-01-05,4586092097135.642,1523613534248.5,1155757030913.6738
370,2020-01-06,4280829111424.6016,1000404746165.97,1114688723845.9575
371,2020-01-07,3643795646533.089,886303165852.45,1010993638448.3843
372,2020-01-08,3613568438862.344,945684328530.36,1084265754202.3097
373,2020-01-09,3982960602098.8164,916629072913.64,1148328827713.8308
374,2020-01-10,4158830535110.404,1121506412840.17,1101286908439.0325
375,2020-01-11,4508988927050.18,1712115308255.91,1197729690463.4707
376,2020-01-12,4264118090710.705,1585685513665.03,1286496348235.3025
377,2020-01-13,4287711117222.6685,1118926020007.59,985678574612.3049
378,2020-01-14,3715124314263.3027,963399156623.81,1048040373942.1636
379,2020-01-15,3883191410912.637,911234441824.88,1135728506409.4846
380,2020-01-16,3846304189340.5874,1114417345011.79,1124457054947.775
381,2020-01-17,4153270272356.2617,1351197566719.74,1162744329830.487
382,2020-01-18,4511141521697.58,1687308055807.26,1331384219285.023
383,2020-01-19,4439417391862.994,1614069675114.6,1264862010693.5718
384,2020-01-20,4088172798964.672,1036944491003.76,1183306119578.8667
385,2020-01-21,4174558378869.869,919303751895.17,1153256981508.103
386,2020-01-22,4004517747788.683,963963925701.36,1162735638254.3535
387,2020-01-23,4132902347475.576,1051898319871.31,1217746736892.2312
388,2020-01-24,3711924065575.307,1184814155001.81,1102940128625.9124
389,2020-01-25,4020953897096.4814,1762245345783.49,1555659716212.8633
390,2020-01-26,4333274775111.269,2027882247326.39,1462803878237.3557
391,2020-01-27,4092024766051.5747,906242546097.31,1258615866035.007
392,2020-01-28,3342582764546.622,797275993189.9,831003634677.7947
393,2020-01-29,5402608311010.882,1089032115444.88,1140881903483.6353
394,2020-01-30,4260626368118.2734,892377545631.75,1065093859399.3081
395,2020-01-31,3359129627008.664,1048080254027.34,651401558485.7064
396,2020-02-01,3528402033815.274,1277411371778.57,1137407116190.2942
397,2020-02-02,3676698543440.6504,1491703612521.95,1081745982155.2146
398,2020-02-03,4242342637334.7886,912529767149.08,909980641539.4437
399,2020-02-04,3980301168218.4756,932388207400.5,1047878794025.5264
400,2020-02-05,3699193195703.3833,985696620886.32,1046519441395.7124
401,2020-02-06,3701828274759.824,1179485416557.09,1018488514406.9226
402,2020-02-07,4565259072815.766,1142423054082.17,1033146155760.9559
403,2020-02-08,3734787136393.682,1699162978361.32,1523260753834.774
404,2020-02-09,4167225635007.9033,2002448061630.67,1462753597901.453
405,2020-02-10,4315681791625.174,1139809254067.1,1202764944482.0928
406,2020-02-11,4415918053029.043,1037854250245.46,1051956887587.2667
407,2020-02-12,3810288698245.287,930068906036.35,1014660864723.196
408,2020-02-13,3762977005399.556,1285823949591.31,861248307864.865
409,2020-02-14,4067293134511.5176,1318887622092.48,901259481271.607
410,2020-02-15,4289006274790.5415,1870224929666.95,1140035641482.5671
411,2020-02-16,3959756845198.756,2035426389812.38,1062358437192.4786
412,2020-02-17,4124905010936.836,1451367199523.16,1099377913660.6511
413,2020-02-18,3855010017737.6865,1119558985442.22,1129640552350.9912
414,2020-02-19,4062840089777.283,1029265191720.14,1259424682610.138
415,2020-02-20,3679983254993.21,1097443933532.08,992107914183.4417
416,2020-02-21,3889862775712.7173,1213215978951.71,995157238409.2401
417,2020-02-22,4049872114444.3735,1695967032359.52,1230326039262.1711
418,2020-02-23,4348944631117.9404,1753749516467.88,1345890719086.565
419,2020-02-24,4401539867817.6,1012711010497.34,1004010253452.185
420,2020-02-25,4284123939361.2944,1118127155488.25,898435186047.0824
421,2020-02-26,3961361562775.2593,1091074899203.4,919613627112.1636
422,2020-02-27,4087444051544.7715,1141212823530.14,983073213491.3566
423,2020-02-28,3670754611025.6914,1364878232934.03,1041973822255.4036
424,2020-02-29,3813366559066.855,2248913002857.15,1261708992506.3958
425,2020-03-01,4239960678387.584,1950979250610.77,1255478754877.6565
426,2020-03-02,3822308241760.666,1064147317980.83,1009299390921.962
427,2020-03-03,3990791207052.4194,921204965076.39,928289465778.8812
428,2020-03-04,3635990262201.2515,939400813933.65,991259011667.93
429,2020-03-05,3602402925182.3364,1028889425933.7,941408953751.4714
430,2020-03-06,3674861083382.0303,1116159033980.95,1210231024853.6155
431,2020-03-07,3849247043104.39,1996958962269.33,1302868468574.8035
432,2020-03-08,3799322954238.6685,1661357358651.89,1499322055765.727
433,2020-03-09,3755858671459.467,1723013531399.6,1116360251714.6963
434,2020-03-10,3391789895251.4937,1009333682911.07,1124109217226.4612
435,2020-03-11,3313426076595.657,1091190736768.5,998034582318.5481
436,2020-03-12,3432386896416.154,1113723092191.63,1044513132870.6309
437,2020-03-13,3327354458877.5396,1370739221081.08,1132404321443.8484
438,2020-03-14,3844657970305.3926,,1262436626911.4036
439,2020-03-15,4018481186061.31,1719062265724.29,1263337754170.914
440,2020-03-16,3807394608708.699,1200484183902.46,1075146766751.6654
441,2020-03-17,3755599139093.3735,,1112648649407.1099
442,2020-03-18,3667575287984.1357,1223497615808.38,1063428023993.7582
443,2020-03-19,3581834455945.8135,1199339658424.3,993499589043.2655
444,2020-03-20,3604491447087.283,1273818731300.59,1145968406080.1853
445,2020-03-21,3485085396932.964,1776329828804.65,1384559699605.6448
446,2020-03-22,4020727442173.16,2551424761953.22,1546218695990.9253
447,2020-03-23,3888101643764.988,,1180624136801.2876
448,2020-03-24,3724804901039.5767,1781513433635.96,1097890903283.1361
449,2020-03-25,3467596613154.4346,1166878459290.14,1178262719511.0862
450,2020-03-26,3911038872991.739,1394873852537.35,1178798396581.4587
451,2020-03-27,3882926322038.131,1326569158498.59,1342441736496.097
452,2020-03-28,3967715715014.4536,1984501635402.34,1581399927713.1497
453,2020-03-29,4185324410994.4155,1943281420242.95,1444578842221.9868
454,2020-03-30,3809423189103.6167,1563723265091.1,1162682288896.636
455,2020-03-31,3519194966210.463,1432374950267.65,1184761442321.222
456,2020-04-01,3553062284446.5938,1429103332169.49,1189641540550.7395
457,2020-04-02,4053256091285.2095,1287430356464.34,1102807200833.4524
458,2020-04-03,4122680284342.435,1326873976731.05,1356439974268.4917
459,2020-04-04,4360215923934.5845,1849608344274.32,1789272820263.9663
460,2020-04-05,4454984230810.301,1895322905114.87,1539033222575.928
461,2020-04-06,4146670017908.9917,1412309550827.93,1032647435704.0497
462,2020-04-07,3569340781818.724,1421208730110.13,1045350035224.5098
463,2020-04-08,3942279255708.8604,1400501247776.07,1105987346157.6787
464,2020-04-09,3715176879711.6616,1437786887446.28,1029896026937.8888
465,2020-04-10,4151191641187.595,1736664371171.92,1149110729764.4966
466,2020-04-11,4557066726735.244,1731072722347.41,1175739227876.98
467,2020-04-12,4684611567247.872,1813014214604.13,1080471308665.9531
468,2020-04-13,4205821836419.9463,1480130245387.6,
469,2020-04-14,4979053926467.995,1404858317380.44,1138248752099.991
470,2020-04-15,3955005853074.07,1370589563043.27,915386808676.5137
471,2020-04-16,3998456001320.025,1515251305817.92,874160812919.2401
472,2020-04-17,3808142812225.397,1540817128331.91,1073655374242.5074
473,2020-04-18,4354664972015.887,1874112723304.95,1146238202158.623
474,2020-04-19,4163095213749.9834,1982662747371.99,1150884324600.9775
475,2020-04-20,4213013577722.349,1229265106712.04,
476,2020-04-21,3797910171349.093,1362629120645.34,1040959593996.886
477,2020-04-22,4193046570726.5723,1270236797160.26,1011085211058.1924
478,2020-04-23,4004622036153.352,1528074127795.76,977004606932.574
479,2020-04-24,4235840403661.254,1393956107796.28,1002716685176.4313
480,2020-04-25,4446834506289.694,1801651230551.13,1175398909297.6477
481,2020-04-26,4351153880938.669,1947245605027.74,1142999320917.4119
482,2020-04-27,4461577995757.282,1243914078745.14,969718885636.2556
483,2020-04-28,4273222768410.567,1309908306929.1,997876805972.366
484,2020-04-29,4456921001348.473,1137598965804.06,894218406412.0304
485,2020-04-30,4426219842286.215,1212997907456.34,979733158139.4222
486,2020-05-01,4079924002242.6665,2628857050285.77,1023446893740.6726
487,2020-05-02,4231999758741.561,1774686555515.27,1115853820641.8628
488,2020-05-03,4328019089017.24,1293776366727.16,991245947531.494
489,2020-05-04,3621640060095.3086,1240422567540.86,845050338307.738
490,2020-05-05,4516127971410.772,1304863482101.82,1059041060748.8352
491,2020-05-06,3894190593001.603,1168743122784.05,1047233459226.2683
492,2020-05-07,4217797365749.805,1183130932563.99,1014087786867.1501
493,2020-05-08,3645564326251.116,1280345787331.34,1034703931563.4906
494,2020-05-09,3803474801194.4683,1778356251125.22,1203213053338.5886
495,2020-05-10,4387105446463.8916,1511691973906.61,1199517432120.5352
496,2020-05-11,4097014941786.275,1158674592230.68,953911217362.0884
497,2020-05-12,3681262877976.245,1379121724799.29,999926907749.0784
498,2020-05-13,3851210828211.4155,1277044287548.34,997849096600.9525
499,2020-05-14,3867225633481.7515,1214990479748.47,973304708503.217
500,2020-05-15,4110640753961.508,1406611662238.35,1127199454842.008
501,2020-05-16,3778935302276.7573,2061847650331.67,1349908044481.1997
502,2020-05-17,4062445203675.5195,1555722834753.83,1174522382388.5122
503,2020-05-18,4087265050976.2954,1160831734564.48,979054333872.0361
504,2020-05-19,3874237328954.48,1108945857628.04,949782027579.988
505,2020-05-20,3691315533041.844,1305710869345.45,1036057599818.3715
506,2020-05-21,3780689139462.9316,1366778461773.15,1021762028149.4095
507,2020-05-22,3902888076080.021,1356585297983.09,1112074509373.776
508,2020-05-23,4057481206144.2354,1680470619511.05,1218892272815.4907
509,2020-05-24,4203329609696.5503,1708427552246.83,808706252301.978
510,2020-05-25,3950521516287.0093,1569590076774.84,752736752432.4191
511,2020-05-26,3660251970237.326,1029219665079.46,784860269462.4075
512,2020-05-27,3530023511171.4824,1076435635561.49,802253820434.1501
513,2020-05-28,3679044983462.0107,1340300175705.45,762050511376.7876
514,2020-05-29,3805517853366.5537,1427134712996.07,913629158402.0238
515,2020-05-30,3776670688867.7085,1614824587621.75,976903882873.4017
516,2020-05-31,3703870710092.1772,1588685641984.27,994820258071.5651
517,2020-06-01,3794246009803.8027,950959433996.22,935011191317.9852
518,2020-06-02,3524626053155.378,2394004834890.58,807445168008.1292
519,2020-06-03,3740525578808.5527,3910652360442.87,756945909198.8285
520,2020-06-04,3728196451036.2207,2319616201026.5,825501226265.6228
521,2020-06-05,3925771347415.682,2326804712712.29,758378237996.4384
522,2020-06-06,4180811826625.4077,2240488395154.38,877218105335.4155
523,2020-06-07,3932093003897.9014,2099642529135.47,871244177156.272
524,2020-06-08,3704432001368.4507,1249410799740.81,766091748580.6534
525,2020-06-09,3764085442195.08,1181555231991.21,829763493295.5258
526,2020-06-10,3310974024713.58,1517616378566.12,789801918499.0902
527,2020-06-11,3366115931436.4336,1048189359944.33,853419575165.1431
528,2020-06-12,3483422848031.9995,1148151252678.24,880116870598.1232
529,2020-06-13,3382105501011.943,1513516311814.45,932188629250.7008
530,2020-06-14,3750713192379.6533,1559297278174.14,870668248562.2338
531,2020-06-15,3848341615805.635,1015711808902.09,850481194855.5317
532,2020-06-16,3487990350779.768,1109129552313.01,810777999153.9907
533,2020-06-17,3632129296668.2603,995786576837.0,802739793161.9409
534,2020-06-18,3671574959210.489,1022430316255.45,796412457637.1943
535,2020-06-19,3718322873119.32,1289041438683.76,811311884091.7865
536,2020-06-20,3612900238405.9253,1494171158196.77,906524924643.6433
537,2020-06-21,4019698435819.8516,1527964775370.97,875818707688.9346
538,2020-06-22,3528147405495.8164,1494638472010.91,884385040971.9298
539,2020-06-23,3771175807853.57,968104238767.25,824699880469.0624
540,2020-06-24,3721175916740.126,1369127127885.77,742892491563.9572
541,2020-06-25,3749021353518.181,985912616229.78,968563575052.9976
542,2020-06-26,3710107688086.839,1076057262322.4,1153239224826.7039
543,2020-06-27,4099066234726.359,1183364770713.85,1064999147871.4545
544,2020-06-28,3947267125923.9136,1775481480174.26,1029134558025.7084
545,2020-06-29,3852516905560.085,1031702449619.82,890517173628.3204
546,2020-06-30,3822884362277.2573,1218846275511.19,859875396410.5359
547,2020-07-01,4052870753901.8267,950869597113.02,825935082327.1027
548,2020-07-02,3920990754862.118,957374283286.51,957643637986.2928
549,2020-07-03,3921403546168.279,1059114950220.52,846670963568.7878
550,2020-07-04,4208554381618.838,1320813416941.14,924612672489.2639
551,2020-07-05,4489427089632.3955,1368645766076.35,792921085973.838
552,2020-07-06,4004604378267.0303,1040844475446.1,800149682817.9882
553,2020-07-07,3989702014094.572,1048324991007.71,800088699196.6838
554,2020-07-08,3835684697458.2764,1077402098496.64,853098295375.6584
555,2020-07-09,4130511663538.38,956314327546.83,944819027801.4373
556,2020-07-10,4247818733937.6494,,870854119626.1324
557,2020-07-11,3640323127042.4263,1407931080193.92,1053793060843.5275
558,2020-07-12,4053562155478.7944,1450338462722.94,970772439442.1028
559,2020-07-13,3579096725003.395,1039069671965.67,1051732737027.5883
560,2020-07-14,3535523802712.7183,1135197875773.32,1040571450658.3615
561,2020-07-15,3644643772696.844,1016759621396.95,937183797859.415
562,2020-07-16,4644344352836.439,1426215420325.8,1097870580270.3806
563,2020-07-17,3281035174154.2827,940859126396.1,948445458651.6389
564,2020-07-18,3687056129596.67,1645282492386.94,1088367689361.5106
565,2020-07-19,3652742156247.766,1397127089076.56,1019501574422.4479
566,2020-07-20,3697284795638.8804,1164692562907.48,1025843084559.3201
567,2020-07-21,3568392539286.4536,995305879751.54,973318469204.2847
568,2020-07-22,3360511187459.6514,977622070729.67,951670148549.6132
569,2020-07-23,3248549473790.365,834070963852.91,1187864857034.0352
570,2020-07-24,3083240801781.4595,1010779816287.52,1026065255984.99
571,2020-07-25,3323795404612.7075,1255440603535.64,1256105477948.0798
572,2020-07-26,3387658666375.6157,1253216273225.21,1022490669081.0232
573,2020-07-27,3264258769830.2295,882917929094.95,1020061728709.727
574,2020-07-28,3258327051891.0796,982919366218.37,963251639476.3696
575,2020-07-29,3690978519055.414,889710551131.57,1070499860812.6973
576,2020-07-30,3041718188793.67,1216968905183.97,1171457475354.6487
577,2020-07-31,2841407980369.772,1029153031410.78,1069390753602.1335
578,2020-08-01,3415621581866.669,1495546008186.29,1193763043899.475
579,2020-08-02,3407571385311.2764,1437805122581.7,1033885397838.3413
580,2020-08-03,3335537950668.717,928856423852.38,964581738188.3706
581,2020-08-04,3358065269723.5,1294402827960.86,1003618819525.5182
582,2020-08-05,3298755041771.118,1215803872337.25,1003782632827.307
583,2020-08-06,2920840277456.972,1717240630812.24,1301070122392.8953
584,2020-08-07,3271338085705.11,1029183299710.43,1238474985233.0078
585,2020-08-08,3160289325079.064,1224911127687.01,1105810318894.0771
586,2020-08-09,3508287252843.4707,1417413659948.6,986169303213.4583
587,2020-08-10,3532280024792.997,945344554294.39,1037613663920.8944
588,2020-08-11,3250602362086.0947,1039625984894.48,1023927483405.5784
589,2020-08-12,3024877537705.402,843108233898.98,
590,2020-08-13,2933860519148.43,834782028500.94,1021796658017.4891
591,2020-08-14,2990071320944.426,1158030353333.57,954453732051.0173
592,2020-08-15,3216575139148.755,1378576293280.67,1021562735085.0883
593,2020-08-16,3248641526364.5205,1197830405607.99,1080548327878.5583
594,2020-08-17,2832408584315.559,892414026635.96,961067529532.8508
595,2020-08-18,3036688571869.1187,877797368861.32,986711972170.0032
596,2020-08-19,3071520196256.063,989469011396.44,970962630882.9836
597,2020-08-20,2913920773007.165,1088902338905.83,936889690520.4207
598,2020-08-21,2925079976798.9795,1185038672341.32,970709491231.3636
599,2020-08-22,2825125039222.67,1476885434951.63,1059535420692.1627
600,2020-08-23,3183254686015.8403,1535320981172.39,1053937737582.3326
601,2020-08-24,3440941037468.522,1020157945402.16,992144084249.4092
602,2020-08-25,3391955104988.6577,1093990990021.07,1041448720982.1781
603,2020-08-26,2949347521949.237,1025949262041.2,985587142952.3112
604,2020-08-27,3401362406324.445,1079426544126.9,989926107317.1228
605,2020-08-28,2768973293459.675,935015712053.74,972115877899.6471
606,2020-08-29,3104777792663.372,1291732470307.42,1011426746290.989
607,2020-08-30,2984194863307.865,1274893170515.76,999264078618.5328
608,2020-08-31,3277360559739.2583,935865834462.5,1047533135733.1619
609,2020-09-01,3027420302217.881,914453686859.46,968861464713.8704
610,2020-09-02,3131110170057.966,915996802783.45,982348249994.755
611,2020-09-03,3143274795957.6055,913587697718.57,919264482039.9191
612,2020-09-04,3040356970680.4375,1370382711239.5,902583946392.6249
613,2020-09-05,2818205143662.4604,1191781549798.92,1011109389667.4874
614,2020-09-06,3169472131098.3433,1429688251416.84,957308173531.3054
615,2020-09-07,2882491593413.011,993920488726.51,1074648187901.225
616,2020-09-08,3068674217405.301,798075870673.75,943821112165.3243
617,2020-09-09,3258839294146.6167,827207109165.02,927234901033.3673
618,2020-09-10,3550117684700.248,899916658469.79,1006245795542.4246
619,2020-09-11,2663111198752.4854,944408626188.8,942753003008.1512
620,2020-09-12,3199079002175.591,1129617008333.23,1018791126004.9221
621,2020-09-13,3469562059343.056,1176605523779.23,961084531706.5431
622,2020-09-14,3357758104180.7524,1209839894640.61,902952366599.6017
623,2020-09-15,3202095042589.807,964630323184.5,919174364361.1707
624,2020-09-16,2938483166544.9863,960075213269.64,1008402033807.1959
625,2020-09-17,3351154151085.9033,947794331161.81,902570078637.4526
626,2020-09-18,2865067177802.1187,1010537664956.12,929319689013.748
627,2020-09-19,3021830418797.101,1070846842728.14,1041261611760.0367
628,2020-09-20,3561653485812.7734,1542727598974.83,1015456574682.3643
629,2020-09-21,2901241828414.2524,1113424867896.68,558112119208.593
630,2020-09-22,2963984540650.0396,919188520978.85,674701362503.7317
631,2020-09-23,2970075344000.055,1240392610461.63,903229720122.1244
632,2020-09-24,2984458678897.1167,1858516817464.99,852927005536.5359
633,2020-09-25,2965941487520.8755,983379499434.72,943569340815.088
634,2020-09-26,3474334285027.8213,1168175819750.91,1061376927105.1088
635,2020-09-27,3271453367260.4717,1471499021780.95,1016849274988.2135
636,2020-09-28,3442747770311.173,1195787189005.29,953140222378.8762
637,2020-09-29,3161873571650.8696,1050485011236.64,1127778416879.6401
638,2020-09-30,3152459362622.219,877850980095.74,1032683693545.0352
639,2020-10-01,2932983500672.095,953147589230.61,1147996631375.083
640,2020-10-02,3059075658696.101,967565858342.6,1155919882145.7087
641,2020-10-03,3091527812439.62,1495457546662.2,1097360886090.0126
642,2020-10-04,2953265475372.658,1220950518270.97,1127252031191.2412
643,2020-10-05,3017307788925.385,1988968076029.63,981645347445.9701
644,2020-10-06,2712439901619.291,1778806775739.77,975091591598.1573
645,2020-10-07,2685101419244.467,2024646085935.28,1030625231891.6333
646,2020-10-08,3371551858362.626,1236651276619.39,1100573724662.809
647,2020-10-09,3752773937281.7383,987073479230.67,
648,2020-10-10,3133722784036.597,1343767294063.15,1155609183810.8203
649,2020-10-11,3192716586163.8633,1968286383593.08,1185842377828.1746
650,2020-10-12,3458981337283.9946,1077210608786.82,1114482328488.227
651,2020-10-13,3117651989731.2993,1045550848625.24,976799982152.6471
652,2020-10-14,2960439068084.5107,908172027775.15,857105736884.1335
653,2020-10-15,3259113334540.064,4375507236333.39,879192914623.4335
654,2020-10-16,3120467100809.5186,1591681395127.55,840244687324.1132
655,2020-10-17,3250363740408.531,1737491694987.12,915716401708.4052
656,2020-10-18,3735939844095.074,1335858135863.81,949506940079.2867
657,2020-10-19,3428596945182.1685,1004287754845.75,880505271777.7133
658,2020-10-20,3287323490725.6436,855621243136.67,892312006737.7172
659,2020-10-21,3313870601500.4775,971905364160.51,833008228905.3635
660,2020-10-22,3490386323818.4272,1104681389906.52,940401722850.1296
661,2020-10-23,3723582701609.7905,986792449868.15,825494892558.8293
662,2020-10-24,3291300004990.051,1431728745878.71,931569872700.3893
663,2020-10-25,3536817868664.406,1619221745250.96,918776286529.6957
664,2020-10-26,3643446578290.2876,945794975990.81,888704726942.9961
665,2020-10-27,3442005119799.3545,1133931775138.83,914087327683.1626
666,2020-10-28,3062591834076.7217,1075963980768.42,849795355411.6973
667,2020-10-29,2926916493951.2803,1036037236291.42,778629071666.0577
668,2020-10-30,3363835089187.7515,1189163356997.42,777931684373.1063
669,2020-10-31,3042421183455.1553,1423859935412.61,859574058630.0687
670,2020-11-01,3392237341042.023,1666561262893.88,873465820350.8534
671,2020-11-02,3291633409918.535,1184043165687.61,596195001823.8995
672,2020-11-03,2990843195323.7705,987960491152.24,830412796771.9469
673,2020-11-04,3032828240566.4844,1302999315867.17,777156888581.0865
674,2020-11-05,2829272565358.854,1163944141026.95,930080989263.6605
675,2020-11-06,2929710848999.152,1212345304657.51,842274983524.3215
676,2020-11-07,3365600538854.83,1626136275840.72,905962149110.327
677,2020-11-08,3570670238710.4336,1527649316687.46,950692353388.2126
678,2020-11-09,3031680242744.7974,1055841456091.98,786752433242.6664
679,2020-11-10,2881435445926.0527,1060087239631.13,758487871761.2769
680,2020-11-11,3224943703247.619,1186776082453.86,785613926930.6858
681,2020-11-12,3413730356265.7275,1068439534334.96,839826354489.7383
682,2020-11-13,3545099053229.814,1305212242210.8,762769494061.2998
683,2020-11-14,3519832413435.557,1496975844780.46,944586296490.6897
684,2020-11-15,3333840129628.8003,1387904669037.38,1016477919407.6185
685,2020-11-16,2842719753849.769,994936717661.46,850432386522.4612
686,2020-11-17,3022599503318.1714,1153895280309.5,929984263658.4056
687,2020-11-18,3050608845225.2417,1361966885494.67,824630273072.0565
688,2020-11-19,2982290166917.9194,1175333282215.67,830559810183.0295
689,2020-11-20,3101456813976.51,1318283969456.36,866386009702.9385
690,2020-11-21,3471485566667.3394,1727797033714.16,815482342251.7854
691,2020-11-22,3293908945161.454,2175785797145.66,847733548542.3876
692,2020-11-23,3067181713366.8267,1025353062832.47,789138285965.7356
693,2020-11-24,3235921757748.601,1055715182917.21,887515620042.631
694,2020-11-25,2923204608488.101,972162092521.29,777972769722.3746
695,2020-11-26,3059083451577.337,1125529978282.74,726461650373.5044
696,2020-11-27,2599274392293.3745,1395773505911.34,779091896762.7068
697,2020-11-28,2934706714736.9224,1369384677033.26,809758446428.122
698,2020-11-29,3227561490698.8867,1289570196429.28,832681126699.9496
699,2020-11-30,3282900351025.0557,1004744315202.51,746024689291.125
700,2020-12-01,2845518545363.323,808987738234.95,796012964000.8699
701,2020-12-02,2933755122015.8906,1031042706356.03,755155686780.6276
702,2020-12-03,2817900554833.829,966353849475.95,
703,2020-12-04,2850494069677.8237,1117647539170.64,
704,2020-12-05,2978179708006.961,1451324320341.18,827553381700.3167
705,2020-12-06,2860520506458.6304,1326520537855.6,810683258441.2401
706,2020-12-07,3137528870339.7407,1089724676081.35,722270748258.1819
707,2020-12-08,2971166636854.1504,968491516856.05,729128061548.1716
708,2020-12-09,3032849394781.05,823520178316.53,717349979793.1646
709,2020-12-10,2702618584824.2524,807729953507.09,692211010851.6165
710,2020-12-11,2622942540693.5454,982361936524.83,675296386943.9504
711,2020-12-12,2655408149465.5786,1333362049000.39,752169624438.6218
712,2020-12-13,2925012131633.49,1174569565423.57,637841943076.9961
713,2020-12-14,2767936791908.5454,902302432514.21,633611805742.05
714,2020-12-15,2804863659284.37,983473537166.52,658325244557.9117
715,2020-12-16,3004981801954.737,1084291319658.83,717629922559.6696
716,2020-12-17,2526184484098.7485,1085364460783.14,715640658415.6277
717,2020-12-18,2655054298795.685,1004688565465.19,652255196867.8584
718,2020-12-19,2444985460189.5312,1287492334878.74,697210468711.9224
719,2020-12-20,3320544039523.4136,1462006595893.85,737860066805.3628
720,2020-12-21,2811586710845.308,1155403693706.04,642261532826.4556
721,2020-12-22,3100752770281.6636,980552962210.54,696957939290.9895
722,2020-12-23,2933757687994.9424,1087208590325.25,678395966127.5198
723,2020-12-24,2693441973743.7524,1350934400888.57,664760768387.029
724,2020-12-25,2611409386048.1226,880484189218.47,624734942449.3856
725,2020-12-26,3120224516957.412,1115213987229.89,
726,2020-12-27,2943355763932.493,1141868824372.31,818687208468.5326
727,2020-12-28,2922149205902.452,1130284697819.36,685909394853.2325
728,2020-12-29,2905902176472.5166,1019251049741.1,728992636250.4779
729,2020-12-30,3408644122177.8765,1189788701459.68,707231936288.9291
730,2020-12-31,2601336252875.733,23256440208666.16,615225850367.3678
731,2021-01-01,2749245388916.8467,1406464341419.33,647337320649.8319
732,2021-01-02,3549080942365.0703,1877331569733.25,803346554024.2976
733,2021-01-03,3248938432126.874,15352185000804.89,732191710194.7483
734,2021-01-04,3094084345430.52,1097837408888.56,702658900695.8608
735,2021-01-05,2887032588148.033,1043035413311.01,744992780925.27
736,2021-01-06,2663026766979.46,1159550261223.4,741706776711.0295
737,2021-01-07,2912813181916.2964,1059936963349.32,750097886277.6416
738,2021-01-08,3056802072597.9214,1426314932957.23,804606907541.8182
739,2021-01-09,3021276420055.686,1358198214084.11,845754900429.4381
740,2021-01-10,3008907293681.1006,1812179271696.67,767774776148.45
741,2021-01-11,2979665205071.653,979871430142.66,783856696565.0212
742,2021-01-12,3094801141957.6313,1022391380429.7,737069907391.7858
743,2021-01-13,2937428754604.197,970673770654.1,754615419478.4556
744,2021-01-14,3219881041892.8438,1091631509666.98,773936833144.3516
745,2021-01-15,2795111344508.361,1096731622614.2,771651938106.221
746,2021-01-16,3032456605140.589,1519167801750.85,805218245415.5146
747,2021-01-17,3730707996125.876,1352874578931.41,766838326643.0012
748,2021-01-18,3084650582297.076,1142655959148.71,785740109411.4832
749,2021-01-19,2991228033488.535,1018277731780.16,785790262739.3628
750,2021-01-20,2894432928177.574,1419754231954.49,781077802693.4794
751,2021-01-21,2918997901892.345,1002053700395.63,731705868944.6122
752,2021-01-22,2917646247905.8203,984252538396.65,744255511574.199
753,2021-01-23,2856368050854.258,1526832309625.81,791936252937.3762
754,2021-01-24,3239809012182.593,1456708651581.59,816383850819.266
755,2021-01-25,3271669948468.968,1178413323500.53,
756,2021-01-26,3212934388297.5874,1277767590496.57,
757,2021-01-27,3193947453101.0303,3427343728950.17,749181167559.329
758,2021-01-28,3169195636511.9775,1169290249569.46,773707149463.5594
759,2021-01-29,3341606719831.731,1156666231673.14,762192274121.7283
760,2021-01-30,3366000174165.7974,1539563390129.03,813097018057.2229
761,2021-01-31,3246664389819.6514,1772989255458.14,833149173543.5262
762,2021-02-01,3289958776367.774,1242266256876.77,781405740637.5388
763,2021-02-02,3594292213309.992,1212552788599.35,768893311711.5828
764,2021-02-03,3103315874229.3555,951031246624.72,706227678762.7805
765,2021-02-04,2913950263135.5493,1123130823093.41,778745921131.9797
766,2021-02-05,2734307659311.7163,1205945416036.06,
767,2021-02-06,2909763699734.7334,1543604649935.75,740400763694.6147
768,2021-02-07,3345058852551.1016,1713701253033.85,756924264872.4833
769,2021-02-08,3175495092367.608,1201799228908.41,
770,2021-02-09,3392927547959.2227,1135106072733.65,737558016549.7933
771,2021-02-10,3198548592947.326,1227630317621.56,736428080514.4521
772,2021-02-11,3180549844918.975,1220435920394.07,693354480564.6019
773,2021-02-12,2970786587336.3184,1458645560683.14,702396972058.0464
774,2021-02-13,3047339751575.935,1723764158241.05,772238195226.1494
775,2021-02-14,3213585337475.012,1653591858798.75,747290966089.4075
776,2021-02-15,3242910846894.124,1188468174883.55,754805424901.0967
777,2021-02-16,2999899664090.139,1100505059714.05,779172656526.3938
778,2021-02-17,3021634971772.8486,1435970192929.42,737028588576.9968
779,2021-02-18,2952376629886.062,1440176930775.33,771622735026.6193
780,2021-02-19,2697695518055.9775,1179492441797.41,704042306318.3866
781,2021-02-20,3059949053352.4375,1280857360179.88,751537355439.4288
782,2021-02-21,3181734365253.3604,1821046436542.2,734973698361.6868
783,2021-02-22,3227243967531.9473,1361236112144.65,810045904476.6378
784,2021-02-23,3283188056434.3438,1157296878697.51,833105850538.802
785,2021-02-24,3074842351022.3193,1250296593397.52,813851073356.9039
786,2021-02-25,3100063907098.627,1186566722342.95,783717256478.6276
787,2021-02-26,3053018094455.53,1268694926626.89,772729535089.4344
788,2021-02-27,3267792562792.1143,1529333121948.67,841724056788.2308
789,2021-02-28,3523945655254.299,1584226332942.01,816541767976.0945
790,2021-03-01,3708080387825.1553,1070967306721.93,822993502302.8295
791,2021-03-02,3209466321452.5215,1196444329279.2,804669949038.1035
792,2021-03-03,3165695223361.5,1345944674966.22,749037828919.4463
793,2021-03-04,2831907992407.549,1050561347557.57,752371718695.6244
794,2021-03-05,3241108455513.2246,1266530124579.48,742186019617.8041
795,2021-03-06,3387588530367.207,1880419431444.14,844058268941.4998
796,2021-03-07,3262998173676.994,1753368021339.2,917169595492.3295
797,2021-03-08,3477637587248.384,1095149168888.74,773585017261.0839
798,2021-03-09,3389466522812.3467,1045643318015.13,787572819448.6881
799,2021-03-10,2953182278124.8037,1269798172026.84,828905121234.2036
800,2021-03-11,3256047720579.088,1188945616357.82,808592036872.79
801,2021-03-12,2993814162439.457,1410129082699.3,823301154682.2423
802,2021-03-13,3298203338927.7715,1740502377234.01,879333915235.8634
803,2021-03-14,3264660009889.342,1738687335143.42,835840169691.5321
804,2021-03-15,3479233048920.865,1445310656973.42,814649179947.3077
805,2021-03-16,3076768222454.4893,1306110910542.81,890716904848.3623
806,2021-03-17,3141235054112.426,1112007734039.5,881184030975.8138
807,2021-03-18,3290431633774.7534,1241129577524.86,807380650474.8524
808,2021-03-19,2937593768327.923,1360858051302.24,839236956119.3077
809,2021-03-20,3220197581846.3867,1447366766581.84,817715057749.7104
810,2021-03-21,3701282038325.174,1546057383815.49,856235892317.8235
811,2021-03-22,3302350699983.2656,1335430036799.72,764512814479.1018
812,2021-03-23,3069422281600.8506,1476627574111.98,850644550450.331
813,2021-03-24,3412174947962.6284,1198541538141.28,850285992845.0503
814,2021-03-25,3119888776386.698,1026714934561.76,843385389953.8909
815,2021-03-26,3434018766435.2476,1309352758631.26,810382977391.2004
816,2021-03-27,4116524381185.8604,1456846977543.41,917207136415.3735
817,2021-03-28,4255149184563.268,1762502105496.2,934290212307.1742
818,2021-03-29,5999621326918.878,1483439238413.2,851147621494.2084
819,2021-03-30,3724585941424.202,1387731956122.89,868461957415.7844
820,2021-03-31,3753028398270.4736,1061102668627.13,903443674939.8027
821,2021-04-01,3935399710406.4487,1170602020751.45,
822,2021-04-02,3507464509096.5215,1304513506079.96,
823,2021-04-03,4160691248275.67,1497192175612.77,981184707081.5325
824,2021-04-04,4302139789528.37,1289915608018.34,923298346227.2936
825,2021-04-05,4476389518965.794,983995350059.45,992190141758.955
826,2021-04-06,4041705875327.843,1909865844329.25,920877258484.2101
827,2021-04-07,4188855208570.033,1024436349142.88,922986435395.2642
828,2021-04-08,3828919832652.707,1069167120937.76,936535447420.8369
829,2021-04-09,4297775284784.475,1106748569051.5,939143677816.688
830,2021-04-10,4546922975189.165,1427425426711.06,1055709912081.1313
831,2021-04-11,4429982053301.477,1463702893925.46,1039241686011.414
832,2021-04-12,4593786254689.888,1049573723779.11,1003558636968.1174
833,2021-04-13,4381059319575.881,1152087264951.62,1021715936451.5814
834,2021-04-14,4046451304643.4624,824447330370.13,1009886515481.6235
835,2021-04-15,4319459893618.696,905683297016.41,1040866912438.1515
836,2021-04-16,4112294480542.6865,1024340730913.01,1038514078060.9777
837,2021-04-17,4359810597389.1514,1401910831562.53,1141610439916.1665
838,2021-04-18,4645095173784.137,1291107874904.62,1124365656970.7214
839,2021-04-19,4666019053290.184,878274196429.53,944294999428.0201
840,2021-04-20,4178242898700.0103,971502756752.63,1146788229207.6968
841,2021-04-21,3909693197263.508,994519998140.64,1145892382329.8137
842,2021-04-22,3922520799623.725,1047883653587.79,1241712699944.2583
843,2021-04-23,4527577768033.863,1234152590407.17,1130912139959.589
844,2021-04-24,4460345998010.981,1361938974678.05,1225032719526.327
845,2021-04-25,5712549097415.848,1103691195032.3,1173384359455.3142
846,2021-04-26,5011673126562.283,909764969328.2,1166210794474.0942
847,2021-04-27,5105372338625.613,998586778811.84,1238575785238.2498
848,2021-04-28,3674223034231.284,1065239061775.02,1243200529130.634
849,2021-04-29,4037616202052.0356,886251815279.61,1272797795131.535
850,2021-04-30,4504252261118.864,917459759229.43,1208505266288.6038
851,2021-05-01,3787096468035.8647,1185869767127.67,1273070727564.868
852,2021-05-02,4345933676404.7173,1228495727652.88,1216097233091.5342
853,2021-05-03,3754755193608.309,935197712388.39,1124761133790.2937
854,2021-05-04,3466906370810.1963,910008902750.03,1137022590798.9058
855,2021-05-05,3139300536485.176,1042438861547.34,1133075859654.6116
856,2021-05-06,3308850590815.904,947828548327.89,1107978389425.67
857,2021-05-07,2967911072933.6743,1141458320715.64,1081623199137.0288
858,2021-05-08,3209086146246.325,1173761660971.86,1227164539958.538
859,2021-05-09,3042341978793.1465,1023664981494.36,1069835672850.3085
860,2021-05-10,3240218632491.8496,1020556965030.76,1211480764530.01
861,2021-05-11,2860987704933.073,903543081769.15,1111912523271.784
862,2021-05-12,2667624465966.451,757956714127.92,1194375097162.5317
863,2021-05-13,2795712055021.031,962959797003.77,1162530711176.515
864,2021-05-14,2737403820174.599,901397968348.18,1043278573287.7711
865,2021-05-15,2720048797547.982,1398219009043.73,1073807690214.3289
866,2021-05-16,3118526149123.0073,1288541649210.98,1054342805679.9507
867,2021-05-17,2787590729634.6157,867620628238.82,1063801255727.8271
868,2021-05-18,3016854728502.0254,1109679425416.1,1054004066017.4347
869,2021-05-19,2549648237570.803,854972510859.62,1010726699863.6665
870,2021-05-20,2605306635817.387,930383441631.59,943866104085.046
871,2021-05-21,2443361111526.9346,948631196593.68,1009638800815.7692
872,2021-05-22,2475311529383.535,1369435449078.77,1068274341925.4652
873,2021-05-23,3135342943159.626,1275258497787.01,1028760133313.9617
874,2021-05-24,2903896659557.6553,1024242718014.96,983712231156.6194
875,2021-05-25,3140218224699.695,760442670847.65,1034559492393.4773
876,2021-05-26,2757761353725.95,918812844847.32,1008837271486.8783
877,2021-05-27,3006013400850.118,757012068997.04,1022671575028.7295
878,2021-05-28,2759498196154.942,1069030506226.49,1012741440861.1208
879,2021-05-29,2758780244684.95,1033583389074.27,1096343075921.9346
880,2021-05-30,2822739399344.2466,1049771965746.64,1042173529099.0126
881,2021-05-31,2585189501306.407,829140519079.92,998783382302.309
882,2021-06-01,2462077735639.684,815747698251.55,933922908940.4968
883,2021-06-02,2340350082536.914,714453769819.93,975875123757.2343
884,2021-06-03,2417012035927.579,815205644617.61,1000441076139.1732
885,2021-06-04,2300747260425.5776,895665189593.47,1002082543562.2369
886,2021-06-05,2489908631422.713,1419208591557.89,1058913771710.9744
887,2021-06-06,2626754573859.553,1173477982004.29,1041924392780.4403
888,2021-06-07,2515490951105.3457,864037661774.82,957771102301.3894
889,2021-06-08,2293184065506.3843,948549657151.08,930461766575.646
890,2021-06-09,2230060514446.912,891491489106.99,996368709405.8801
891,2021-06-10,2260179762845.913,853419683119.29,876650492063.5812
892,2021-06-11,2597070259644.9585,1091748593562.01,910888614627.863
893,2021-06-12,2584921802402.617,1174802298407.93,1100557854614.0813
894,2021-06-13,2997526422669.452,1212985849484.57,948025545292.5826
895,2021-06-14,2721863265788.7573,795899620521.63,918213611295.3713
896,2021-06-15,2315195311748.68,688433345889.0,846736786671.1842
897,2021-06-16,2357396306667.2017,703461919412.55,854623839807.3849
898,2021-06-17,2117424663781.7944,785266321696.31,890347218358.8666
899,2021-06-18,2320504098387.972,888778664667.66,898136076303.6495
900,2021-06-19,2346623792592.4204,1046094177402.03,995585882473.3724
901,2021-06-20,2280047021052.7993,1017653643859.06,887333497353.0754
902,2021-06-21,2412869236840.8794,727124271006.43,850535230579.0839
903,2021-06-22,2402532772149.3438,757552870130.89,867116293521.7372
904,2021-06-23,1971683282998.25,756914846999.98,822330355418.8701
905,2021-06-24,2311163351516.891,773827569366.42,809615936038.2527
906,2021-06-25,2601536992234.977,760992859280.52,826275094932.0267
907,2021-06-26,2371956982403.1274,875693827364.33,1013600523230.6425
908,2021-06-27,2476052005860.3325,1088418892830.89,901967668583.2911
909,2021-06-28,2512678566428.161,777907393195.63,823657855657.5688
910,2021-06-29,2097790979451.3682,855723747095.86,794962590141.9589
911,2021-06-30,2270007694885.97,798995357613.7,813292019673.86
912,2021-07-01,2343939394025.696,796734966202.02,736215262206.7495
913,2021-07-02,2464405129104.907,811727299224.07,722729781959.6116
914,2021-07-03,2217955355576.656,956680076838.03,836992276814.4785
915,2021-07-04,2321569272628.9644,911422479712.6,766383546578.5907
916,2021-07-05,2041090454873.9712,750260271502.61,714205801058.077
917,2021-07-06,2145762211008.543,749870322000.27,716861634850.0455
918,2021-07-07,1960727407301.1267,664419475469.54,672451463790.1989
919,2021-07-08,1959853535767.964,742608851367.65,644486625580.9691
920,2021-07-09,2386703060809.8022,752440722020.03,681740008577.9052
921,2021-07-10,2448882476040.551,840409642702.3,721492584924.6769
922,2021-07-11,2317409166799.683,1046685780209.84,713214054905.5475
923,2021-07-12,2119234718524.3445,677405787736.16,694595556673.6373
924,2021-07-13,2287411439287.734,699433978278.37,711958920021.5273
925,2021-07-14,2078746314775.8442,846656636130.35,701144249320.758
926,2021-07-15,2030280635216.729,772226214551.39,672704824148.824
927,2021-07-16,2221514595945.629,775225161756.28,685022092059.2701
928,2021-07-17,2250965445412.5107,985473365057.35,830513315074.8353
929,2021-07-18,2220629789389.3926,1028707970808.08,697254590339.1046
930,2021-07-19,2216532309648.631,923129047892.83,693311124249.3903
931,2021-07-20,1948735947053.764,862959141388.89,684325613721.2839
932,2021-07-21,2050552798689.9246,707132349703.51,753001072950.7319
933,2021-07-22,2041070204541.5127,785555249090.41,614578347303.9055
934,2021-07-23,2245479878077.2603,950474513632.12,753789053942.4568
935,2021-07-24,2176759804810.536,993983630534.93,790579823904.9828
936,2021-07-25,2139028817342.7944,1011794330412.12,716282551797.9039
937,2021-07-26,2587471578964.484,707150637151.23,732492509833.4368
938,2021-07-27,2546879529564.3916,723223577618.85,713870814654.8112
939,2021-07-28,2921748081174.1514,726352124430.93,742844200207.4573
940,2021-07-29,2532431351969.281,1399766639707.46,701463072078.3018
941,2021-07-30,2690600016371.888,891131469211.6,740799592751.1332
942,2021-07-31,2434540910298.538,1067132536012.61,859319798474.8663
943,2021-08-01,2562270799541.4546,1188260509680.4,757737965706.9043
944,2021-08-02,2481958782385.935,949193593561.56,667316113390.5714
945,2021-08-03,2195213226859.671,1167349289225.99,679709555219.6179
946,2021-08-04,2196927258763.4531,988464792755.39,674419812372.2288
947,2021-08-05,2285055981330.6826,1050606792039.49,646153799045.5891
948,2021-08-06,2287489795571.559,1069434617244.06,689046984632.0189
949,2021-08-07,2324770422929.001,1295198903501.94,800941744894.1654
950,2021-08-08,2465186031042.533,1351309077465.07,717573178104.7539
951,2021-08-09,2257941417430.4233,1022252848550.41,732731884788.8224
952,2021-08-10,2283121777435.5273,1248006857912.12,722501408438.1486
953,2021-08-11,2321265968938.991,1926842717432.71,721150643561.0708
954,2021-08-12,2402578015971.541,1470478846666.73,716340139212.7256
955,2021-08-13,2485671812578.175,1104669689661.46,737659973312.8372
956,2021-08-14,2344095888917.9766,1229108876567.02,845852596518.4629
957,2021-08-15,2551189004948.3174,1246631414709.73,794465523954.0195
958,2021-08-16,2832518813697.5566,1052227652469.5,766806801610.6136
959,2021-08-17,2255479175153.6787,975603798772.72,828979988806.9164
960,2021-08-18,2485243996172.564,1119308532051.72,763243362194.1522
961,2021-08-19,2590905454073.349,977269143003.34,790090857519.5435
962,2021-08-20,2837022443694.7725,963907915556.1,846743031337.9747
963,2021-08-21,2689986491504.0605,1186204862692.5,957711923795.9338
964,2021-08-22,2544174662303.606,1229889194873.76,923600579401.1304
965,2021-08-23,2658548269343.1724,927331973006.89,855509145080.0265
966,2021-08-24,2668448264937.558,1316848990624.73,663599505893.5405
967,2021-08-25,2468438304655.0166,892939424577.36,810587287513.5701
968,2021-08-26,2549549407525.75,1002897706326.4,787019054688.182
969,2021-08-27,2994929020258.729,909948110677.79,812845029327.6655
970,2021-08-28,2768331491285.759,1294494891214.74,878597435947.322
971,2021-08-29,2647420926438.476,1361292717513.72,869292133003.728
972,2021-08-30,2954646715203.689,1009188961547.55,893538047513.8802
973,2021-08-31,2594987333653.9966,850488588019.65,841539862490.4822
974,2021-09-01,2562369914426.7764,967248990168.59,821664518723.4276
975,2021-09-02,2424859387471.7266,791732870092.45,781561076586.1211
976,2021-09-03,2782797989990.9224,965442348380.71,882784232658.7017
977,2021-09-04,2994201037336.1465,1198729139401.18,911880975119.0424
978,2021-09-05,3053886112575.913,1003992740123.07,860922601098.1243
979,2021-09-06,2307821006772.189,961221878915.31,871462546456.7056
980,2021-09-07,2559927399195.064,959305125410.89,846915974027.538
981,2021-09-08,2503335106148.5503,880161544923.89,1337486551575.3394
982,2021-09-09,2918664553380.108,948113488806.33,917047171091.6931
983,2021-09-10,2655628144824.6353,1160563312027.72,1783371560051.1753
984,2021-09-11,2691939388854.74,1417954533191.48,1048916029248.5317
985,2021-09-12,3042118917701.184,1224786633327.83,1266028609439.0186
986,2021-09-13,2669881793694.0796,866787802310.1,2026939290773.0203
987,2021-09-14,2409049414492.1553,876979129354.1,1483838922111.8425
988,2021-09-15,2422044573694.854,832437552450.25,1463938861418.8025
989,2021-09-16,2498190251811.3066,909089481441.53,1151403531009.618
990,2021-09-17,2760484858657.582,1744478382116.81,1541820658376.4673
991,2021-09-18,2546953723118.383,1119037737228.26,2166996869526.4211
992,2021-09-19,2981420086718.322,1193722075981.69,1181367359120.7793
993,2021-09-20,2820313058474.3027,1051561180826.2,1198083545014.8804
994,2021-09-21,2649352294778.2676,1055491786118.24,1238565632138.8926
995,2021-09-22,2684325232361.868,899442968958.77,1198834501388.103
996,2021-09-23,2681264557359.7065,769297210815.54,964086738997.3029
997,2021-09-24,2879535341546.5806,884073478177.06,1085212901519.0027
998,2021-09-25,2875211556932.845,1260014059648.37,1297715612874.4045
999,2021-09-26,2798099223996.5693,1424541708602.84,978986441006.3972
1000,2021-09-27,2758112914032.61,843746302897.58,989547871191.744
1001,2021-09-28,2763017887349.0547,876170489600.08,915345865048.4958
1002,2021-09-29,2517967764862.1123,821693847351.37,918373872530.1493
1003,2021-09-30,2432411481036.7695,770707257508.54,816273111505.3071
1004,2021-10-01,2557771550298.687,942507293097.01,962813329022.7472
1005,2021-10-02,2791341425792.2896,997442565782.4,1195675387875.0527
1006,2021-10-03,2770917860343.088,1178724374811.11,1149833909450.7458
1007,2021-10-04,2516724384167.9785,903373914586.32,1249179136199.629
1008,2021-10-05,2491479661074.7954,922737649037.76,1625201905256.1147
1009,2021-10-06,2717218379899.496,828865650426.3,1598977363567.4856
1010,2021-10-07,2519391930608.2476,873443602037.63,1547302757517.3027
1011,2021-10-08,2377533512287.7974,911584325826.45,1475536034727.149
1012,2021-10-09,2627300473043.126,1121114233665.45,1710053542379.3225
1013,2021-10-10,2599652984239.1943,1196339290112.63,1682618091272.7563
1014,2021-10-11,2167642120363.9358,849644352808.82,1653693889895.9517
1015,2021-10-12,2383346554121.6333,910975941945.79,1571902495468.9426
1016,2021-10-13,2404882192681.7124,803332096643.44,2257884348401.1367
1017,2021-10-14,2460924968469.102,906777777367.14,1516798576626.339
1018,2021-10-15,2391172860192.869,918852120115.62,2021503666507.6404
1019,2021-10-16,2533556873928.5205,1415238298368.63,2622839109962.7417
1020,2021-10-17,2733069480689.743,1320487731302.51,1537352764737.9377
1021,2021-10-18,2507491546635.1587,870681538559.12,1512800067267.6477
1022,2021-10-19,2401035139482.1367,887234719251.32,1387514031494.329
1023,2021-10-20,2255173352831.1846,780866248917.37,1384118198940.066
1024,2021-10-21,2265446318511.569,827624888805.62,888800809901.9401
1025,2021-10-22,2433531197379.6846,1047876815649.35,1756084422261.4958
1026,2021-10-23,2365874126166.2266,1121687613293.42,1930698242693.833
1027,2021-10-24,2412728922375.2,1191232100525.06,1338712112221.1162
1028,2021-10-25,2431513230255.9697,862700752463.3,1612572253450.3503
1029,2021-10-26,2639323949232.056,911925367589.44,1959643195182.663
1030,2021-10-27,2116930160065.3276,866326351666.13,2101741960939.8623
1031,2021-10-28,2094581634708.5022,1118956949783.54,1495482416011.55
1032,2021-10-29,2295133045899.7217,995701039052.95,1340476544286.8423
1033,2021-10-30,2360100202684.814,1259638431751.93,1769675191704.6396
1034,2021-10-31,2600741478940.2627,1248789091413.71,1081017287896.6438
1035,2021-11-01,2444616539439.0195,1017774713346.46,1420626387305.9644
1036,2021-11-02,2209551821299.8174,961210404509.18,1194213832327.7153
1037,2021-11-03,2304399199055.9507,935423728819.91,1654423109776.8772
1038,2021-11-04,2158946673350.2046,945360682546.12,997337965642.6528
1039,2021-11-05,2499221972763.707,970824968022.25,1656347565091.8884
1040,2021-11-06,2411237913508.163,1460004591196.46,2551434381333.1494
1041,2021-11-07,2650898419685.8076,1386319398142.29,1556937797887.7903
1042,2021-11-08,2246353631223.4536,1134258262737.67,1602260335853.655
1043,2021-11-09,2240734238318.0327,876060227604.59,1807269093625.1746
1044,2021-11-10,2415254640468.872,789451072155.89,1751037791935.3982
1045,2021-11-11,2302056365362.8965,886895215002.71,1708796402759.3618
1046,2021-11-12,2511380057811.7783,1106085270209.46,1394772826830.318
1047,2021-11-13,2423036058308.7173,1294115613677.23,1538446212008.376
1048,2021-11-14,2523524374472.2573,1468164536717.55,1428068323697.3062
1049,2021-11-15,2665894341550.836,767517611431.63,1180646038024.1375
1050,2021-11-16,2545401035727.749,883725694139.8,1059218618176.6598
1051,2021-11-17,2523760294532.881,912264331395.13,1162228451131.5713
1052,2021-11-18,2332938362884.6743,787997556621.12,1130520146862.2983
1053,2021-11-19,2733483044831.847,863084502189.67,1135145187213.0596
1054,2021-11-20,2535070693222.272,1274941556837.75,1647594071055.4197
1055,2021-11-21,2863541236119.3896,1135828171081.8,998163411436.0345
1056,2021-11-22,2498597611381.187,799790041792.24,1143464633728.8235
1057,2021-11-23,2397592649464.8413,834524332151.11,1157233083049.7607
1058,2021-11-24,2339240802619.365,785949511644.26,1048681146720.307
1059,2021-11-25,2252346219071.5684,881694200613.19,844436870495.5859
1060,2021-11-26,2753093078445.3193,996436519339.45,1204244571399.3958
1061,2021-11-27,2620803347521.387,1325301922450.52,1317069813516.308
1062,2021-11-28,2661537948283.8276,1332060995067.84,1242647964166.872
1063,2021-11-29,2429703814263.903,801856884298.45,1071092780267.1167
1064,2021-11-30,2494022681802.839,783891824513.48,1088052916859.5824
1065,2021-12-01,2564208660887.6514,768253398248.79,478988086098.4294
1066,2021-12-02,2526045518971.784,789797079811.92,931685787805.4951
1067,2021-12-03,2418199149311.4404,942809403248.94,1039797983333.631
1068,2021-12-04,2320547672411.2295,1249725831674.01,1103354484410.3086
1069,2021-12-05,2789679651898.083,1339314696557.8,1056857271735.7876
1070,2021-12-06,2670616555209.2036,816304906333.86,770705902758.5575
1071,2021-12-07,2492262089044.0874,894629260700.75,828192745865.4727
1072,2021-12-08,2609504551302.587,910152842140.14,888542614501.2332
1073,2021-12-09,2464591722192.4194,1003739437694.31,781308001196.5951
1074,2021-12-10,2410066149440.3223,992509137992.6,815212162574.4673
1075,2021-12-11,2803387259796.6616,1478710785801.64,1035454469385.0804
1076,2021-12-12,2649896781560.0923,1182083301337.83,1021715826929.8887
1077,2021-12-13,2576563125033.4434,938736155227.5,800965891571.1432
1078,2021-12-14,2533715955291.7236,867940495576.1,736699833446.9803
1079,2021-12-15,2601572685635.9575,1024144130471.22,792136013850.193
1080,2021-12-16,2621552871949.906,929279172698.88,851780166656.1498
1081,2021-12-17,2869579110694.597,1235005517655.45,980534906654.4584
1082,2021-12-18,2990854474508.909,1381331096587.05,1040061407169.8207
1083,2021-12-19,3130554083830.8047,1324941637499.36,1016149808488.7639
1084,2021-12-20,2782888890615.0537,971476916951.71,882146520305.3223
1085,2021-12-21,2707034202697.6567,930761519759.23,964701153991.9221
1086,2021-12-22,2524690739110.2876,931163130975.32,936677642711.7284
1087,2021-12-23,2647508140650.3877,954406732181.96,914139838881.5214
1088,2021-12-24,2949774478002.023,877821960748.62,863766682256.5935
1089,2021-12-25,2452039813709.844,905944571539.35,957930687367.645
1090,2021-12-26,2696137823772.144,1032004700691.87,917248584945.4752
1091,2021-12-27,2419492828840.6387,1024589530200.0,934941855419.5432
1092,2021-12-28,2621241940609.3833,1075378960575.65,906437583081.9092
1093,2021-12-29,2701772489875.2065,1021125783722.54,613637002442.4214
1094,2021-12-30,3364922954153.777,1124227565029.03,880045450452.6786
1095,2021-12-31,3142155742405.589,941193162912.17,804828240514.2448
1096,2022-01-01,2627467070852.236,1229455418528.24,972045045836.6074
1097,2022-01-02,2581970176517.7974,1253480802142.37,949427313130.616
1098,2022-01-03,2569932621254.916,1024179386180.61,973761480527.7787
1099,2022-01-04,2843318137149.0825,902806065682.92,908115318492.7664
1100,2022-01-05,2791390001192.376,1014741239014.57,847541133881.8606
1101,2022-01-06,2810578979989.616,1130914443930.2,820520699087.475
1102,2022-01-07,3060767619672.462,1035079876257.99,1102195262477.4773
1103,2022-01-08,2922360119045.1133,1573900034765.81,1296466719370.3743
1104,2022-01-09,3270846340566.2534,1360301499090.85,984928860852.4766
1105,2022-01-10,2591852520749.7363,1033094242273.17,959123360194.36
1106,2022-01-11,2579045259189.966,850120682558.24,1007496639279.802
1107,2022-01-12,2690572941856.483,990222710810.94,1056126784068.4016
1108,2022-01-13,2930287204149.623,861974078279.02,964016178338.0603
1109,2022-01-14,3092336268073.1323,1022063667980.53,943610504482.8202
1110,2022-01-15,2873633957135.2305,1401530698362.35,1357017928499.0369
1111,2022-01-16,3263481053141.242,1392781372647.23,1127058310183.5005
1112,2022-01-17,3088161798795.126,1151695678589.54,1093839841494.5426
1113,2022-01-18,2906501443684.7847,870112889209.39,1032168556179.9995
1114,2022-01-19,2730487540395.7407,907754453865.16,1038030331366.5348
1115,2022-01-20,2736350510609.488,879669559785.89,1005112372468.7593
1116,2022-01-21,3060020875421.7095,1032159772175.05,1144372933657.3403
1117,2022-01-22,2829394117334.6357,1303339704157.77,1261721144288.7695
1118,2022-01-23,2891898535830.0015,1428504471823.33,1043930168692.2262
1119,2022-01-24,3070420958655.2466,889612093260.42,1016933243629.9816
1120,2022-01-25,2735316024374.9604,829902562878.29,1041553576809.292
1121,2022-01-26,2999015295230.663,821355503004.4,1055342834273.6238
1122,2022-01-27,2923152512016.1865,954304333171.53,996307064386.0382
1123,2022-01-28,3083781893551.6597,1282694720196.67,1160342935925.7822
1124,2022-01-29,3035276862903.4263,1196114854846.82,1382016171279.8352
1125,2022-01-30,3225280416859.1387,1207607652533.98,1190203118789.0635
1126,2022-01-31,2879098140024.115,824912823633.68,1104375720914.1196
1127,2022-02-01,2772369262539.783,950825466009.82,981892249315.7426
1128,2022-02-02,2617762583542.783,908382057751.29,921043539876.963
1129,2022-02-03,2899176824889.9917,869130542221.98,963114795011.8142
1130,2022-02-04,2950073618803.3555,1268971553922.56,1194355197822.1172
1131,2022-02-05,3193011482023.5312,1462631638042.35,1265599696024.2256
1132,2022-02-06,3074783785372.377,1310636773833.72,1138814845438.041
1133,2022-02-07,3053287055566.356,909565446250.04,1050172893544.5968
1134,2022-02-08,2674851246116.6006,902953590742.33,971330855583.5939
1135,2022-02-09,2881195887375.7847,896640339291.69,994645647658.4127
1136,2022-02-10,2769593663000.1274,984257824902.83,884335207467.0371
1137,2022-02-11,2704604406695.392,1162910786080.0,999979146739.1254
1138,2022-02-12,2731029892936.5713,1244770530577.37,1130122426898.6028
1139,2022-02-13,2929765371349.512,1325300954043.67,915496692918.4987
1140,2022-02-14,2632166722437.019,833772144531.9,955684853986.0161
1141,2022-02-15,2930692287367.025,852194135512.3,889216018857.5402
1142,2022-02-16,2879191929951.9375,1123054578187.74,855092420522.8503
1143,2022-02-17,3140493956356.896,917561003549.81,855521348685.1255
1144,2022-02-18,3040961864200.0293,1084658721586.77,1013181635601.1316
1145,2022-02-19,2921204993765.3477,1296700488068.18,1128573521148.832
1146,2022-02-20,3258895163033.2085,1394149077718.93,990019427266.929
1147,2022-02-21,2942312716300.307,912686536029.95,1029105825913.328
1148,2022-02-22,3086995745802.359,975935872180.13,874658706614.5579
1149,2022-02-23,2768527553735.7065,907279962288.02,905788601595.5886
1150,2022-02-24,2937801835016.332,699276077547.29,840163252427.7784
1151,2022-02-25,2701498452295.055,904132790146.52,926263101094.0702
1152,2022-02-26,2892058531208.1675,1130117943857.17,1071438562548.8217
1153,2022-02-27,2921057262094.095,1181343532923.07,953307540736.5785
1154,2022-02-28,2440552016434.1157,697959637517.55,884822530172.6566
1155,2022-03-01,2627509322568.0044,709674776929.01,827592208235.6094
1156,2022-03-02,2301029368641.123,660352963497.24,773621293182.4369
1157,2022-03-03,2607504117830.539,708848220402.27,719491242838.2317
1158,2022-03-04,2634681245654.956,760398342899.97,807609096910.7119
1159,2022-03-05,2964950336322.531,1167153805361.98,893186222601.3257
1160,2022-03-06,2795759686624.9917,1203648556638.0,943714724942.914
1161,2022-03-07,2583712262706.215,761817438674.94,916116781160.6235
1162,2022-03-08,2642328807038.3184,684322716694.08,720939022983.2268
1163,2022-03-09,2413066971751.0825,696298378145.21,751355853720.5736
1164,2022-03-10,2438863313169.3276,666402752092.49,779633219067.393
1165,2022-03-11,2554901287392.3774,890786120226.2,898696450385.2164
1166,2022-03-12,2575038204074.9873,1103390848009.79,1038944624504.1549
1167,2022-03-13,2573761698185.1997,1171683150709.94,964791558956.2428
1168,2022-03-14,2715328819302.7954,744494052583.77,839143146451.562
1169,2022-03-15,2590783180048.189,882592217356.68,762090985626.6538
1170,2022-03-16,2569762125627.8325,788321598661.96,753225630909.6709
1171,2022-03-17,2668875691119.8447,843511061991.37,795547363136.028
1172,2022-03-18,2700957606266.7686,867546393951.65,931919187810.0029
1173,2022-03-19,2969281623043.9487,1365984147562.24,986819231633.8912
1174,2022-03-20,2783014291371.7173,1074179213434.64,974284455728.0603
1175,2022-03-21,2589570660775.042,700947125937.32,848093832904.1364
1176,2022-03-22,2286624416566.085,860113135057.43,813196713979.1385
1177,2022-03-23,2544323106043.287,956884107391.5,787104999044.9725
1178,2022-03-24,2447672637421.4185,720420341929.76,779502993307.9065
1179,2022-03-25,2778748176269.7026,917673713213.57,806481339407.8007
1180,2022-03-26,2646455519879.5054,1414037779625.7,964990882099.0892
1181,2022-03-27,2858827651008.482,1112508517955.09,831386099925.8839
1182,2022-03-28,2309654473116.6636,854968192739.23,776074082509.8762
1183,2022-03-29,2672150385080.738,904966447758.6,654917179689.6891
1184,2022-03-30,2545803998827.1753,1464939925989.37,610549256609.8752
1185,2022-03-31,2233856886669.9556,752345387645.14,677973792895.1881
